{
  "train_loss": [
    1.1277504670396248,
    0.8171291876254708,
    0.6711785455331726,
    0.5715120839848915,
    0.5028517312961993,
    0.43655765399177016,
    0.4013835139792343,
    0.36426771329915597,
    0.31391218767548856,
    0.28773141183688156
  ],
  "val_loss": [
    1.440426586020706,
    1.7082346631930425,
    1.973496202729706,
    2.2945279591103906,
    2.698941780970647,
    2.983305846524035,
    3.298991312328567,
    3.4296025414752145,
    3.7268073844094562,
    3.88320094296056
  ],
  "train_acc": [
    63.34397044004031,
    73.68155861605644,
    78.40107490762513,
    81.9113201209271,
    84.19549882431978,
    86.1689620423245,
    87.31944910984213,
    88.77225394692644,
    89.97312730937185,
    90.74571716493114
  ],
  "val_acc": [
    54.91671144545943,
    51.77324019344439,
    49.19398173025255,
    49.97313272434175,
    50.10746910263299,
    50.16120365394949,
    48.683503492745835,
    47.52821063944116,
    49.00591080064481,
    48.576034390112845
  ],
  "val_f1": [
    0.4542394621733101,
    0.4735340714048693,
    0.4706652330992804,
    0.47225879080617683,
    0.46378093047190694,
    0.46862951354635257,
    0.46625875767443153,
    0.46301273800536885,
    0.45945958357009853,
    0.45812655035057004
  ],
  "learning_rate": [
    0.001,
    0.001,
    0.001,
    0.001,
    0.001,
    0.001,
    0.001,
    0.0005,
    0.0005,
    0.0005
  ],
  "timestamp": "20250806_001419",
  "session_dir": "results/history_results\\training_session_20250806_001419"
}