{
  "timestamp": "20250812_005508",
  "model_path": "results/models/feature_enhanced_model_20250812_004934.pth",
  "data_path": "data/processed_logs_advanced_enhanced.csv",
  "vocab_size": 4146,
  "num_classes": 9,
  "accuracy": 0.278,
  "f1_score": 0.2517333484865379,
  "classification_report": {
    "auth_authorization": {
      "precision": 0.0,
      "recall": 0.0,
      "f1-score": 0.0,
      "support": 500.0
    },
    "business_logic": {
      "precision": 0.08928571428571429,
      "recall": 0.52,
      "f1-score": 0.15240328253223914,
      "support": 500.0
    },
    "config_environment": {
      "precision": 0.0,
      "recall": 0.0,
      "f1-score": 0.0,
      "support": 500.0
    },
    "connection_issue": {
      "precision": 0.9903614457831326,
      "recall": 0.822,
      "f1-score": 0.898360655737705,
      "support": 500.0
    },
    "database_exception": {
      "precision": 0.6495327102803738,
      "recall": 0.556,
      "f1-score": 0.5991379310344828,
      "support": 500.0
    },
    "memory_performance": {
      "precision": 0.0,
      "recall": 0.0,
      "f1-score": 0.0,
      "support": 500.0
    },
    "monitoring_heartbeat": {
      "precision": 0.0,
      "recall": 0.0,
      "f1-score": 0.0,
      "support": 500.0
    },
    "normal_operation": {
      "precision": 0.0,
      "recall": 0.0,
      "f1-score": 0.0,
      "support": 500.0
    },
    "stack_exception": {
      "precision": 0.6278586278586279,
      "recall": 0.604,
      "f1-score": 0.6156982670744139,
      "support": 500.0
    },
    "accuracy": 0.278,
    "macro avg": {
      "precision": 0.26189316646753874,
      "recall": 0.278,
      "f1-score": 0.25173334848653783,
      "support": 4500.0
    },
    "weighted avg": {
      "precision": 0.26189316646753874,
      "recall": 0.278,
      "f1-score": 0.2517333484865379,
      "support": 4500.0
    }
  },
  "confusion_matrix": [
    [
      0,
      425,
      0,
      4,
      21,
      9,
      0,
      0,
      41
    ],
    [
      0,
      260,
      0,
      0,
      0,
      240,
      0,
      0,
      0
    ],
    [
      0,
      457,
      0,
      0,
      3,
      4,
      0,
      0,
      36
    ],
    [
      0,
      83,
      0,
      411,
      6,
      0,
      0,
      0,
      0
    ],
    [
      0,
      217,
      0,
      0,
      278,
      0,
      0,
      0,
      5
    ],
    [
      0,
      486,
      0,
      0,
      0,
      0,
      0,
      0,
      14
    ],
    [
      0,
      368,
      0,
      0,
      98,
      0,
      0,
      0,
      34
    ],
    [
      0,
      421,
      0,
      0,
      22,
      8,
      0,
      0,
      49
    ],
    [
      0,
      195,
      0,
      0,
      0,
      3,
      0,
      0,
      302
    ]
  ],
  "class_names": [
    "auth_authorization",
    "business_logic",
    "config_environment",
    "connection_issue",
    "database_exception",
    "memory_performance",
    "monitoring_heartbeat",
    "normal_operation",
    "stack_exception"
  ]
}