{
  "train_loss": [
    2.0503241578737894,
    1.4180142442385355,
    1.13703922778368,
    0.9126547170182069,
    0.7873558352390925,
    0.6773420783380667,
    0.6042666846886278,
    0.5965134124892454,
    0.5011895939086874,
    0.5093377640160421,
    0.4923504377094408,
    0.4532265876264622,
    0.4512320469599217,
    0.4007803537106762,
    0.4359849423480531,
    0.3953635983518325,
    0.3761894831744333,
    0.390195961513867,
    0.3663810386613477,
    0.31150315346894786
  ],
  "val_loss": [
    2.2825097159335486,
    2.2787444622893083,
    2.3995812001981234,
    2.318867492048364,
    2.5380050194890877,
    2.6264767709531283,
    2.8645517951563786,
    2.6667574706830477,
    2.816950104738537,
    2.9064273991082845,
    2.9583620648635063,
    3.020879714112533,
    2.984100944117496,
    3.4145292169169377,
    3.2579298646826493,
    3.401261800213864,
    3.5399777575543054,
    3.5614502618187354,
    3.725864291191101,
    3.6475503821122017
  ],
  "train_acc": [
    30.885416666666668,
    53.385416666666664,
    63.645833333333336,
    70.78125,
    74.63541666666667,
    78.07291666666667,
    80.20833333333333,
    81.25,
    84.32291666666667,
    84.58333333333333,
    85.05208333333333,
    85.41666666666667,
    86.35416666666667,
    87.03125,
    86.71875,
    87.34375,
    88.48958333333333,
    88.80208333333333,
    89.11458333333333,
    89.84375
  ],
  "val_acc": [
    16.333333333333332,
    13.5,
    13.5,
    18.0,
    15.0,
    17.0,
    15.166666666666666,
    17.5,
    19.333333333333332,
    18.5,
    14.5,
    18.666666666666668,
    16.333333333333332,
    16.333333333333332,
    18.166666666666668,
    13.333333333333334,
    14.666666666666666,
    13.0,
    12.5,
    12.666666666666666
  ],
  "val_f1": [
    0.1255436625648128,
    0.12304455674949838,
    0.12125708515105858,
    0.17701987342237446,
    0.1464047412516879,
    0.15687068858625952,
    0.1341081659453339,
    0.1857925732854715,
    0.1862850237258883,
    0.17860446902979865,
    0.14718214488106196,
    0.18634956538231337,
    0.16453085609268073,
    0.15532332724246967,
    0.17987869957601837,
    0.12193105368276987,
    0.13923975755479726,
    0.11731202138064437,
    0.11038822614719976,
    0.11827743023911379
  ],
  "learning_rate": [
    0.001,
    0.001,
    0.001,
    0.001,
    0.001,
    0.001,
    0.001,
    0.001,
    0.001,
    0.001,
    0.001,
    0.001,
    0.001,
    0.001,
    0.001,
    0.001,
    0.001,
    0.0005,
    0.0005,
    0.0005
  ],
  "timestamp": "20250806_203607",
  "session_dir": "results/history_results\\training_session_20250806_203607"
}