{
  "train_loss": [
    2.083945326010386,
    1.51353573401769,
    1.2182365308205287,
    1.004346897204717,
    0.8459278677900632,
    0.7226939231157303,
    0.651492556432883,
    0.5810483535130818,
    0.5226780672868093,
    0.497342249751091,
    0.49438086052735647,
    0.40742528686920804,
    0.3826700121164322
  ],
  "val_loss": [
    2.1364320014652454,
    2.1856347008755335,
    2.2254951000213623,
    2.3108517747176323,
    2.312584500563772,
    2.382595940640098,
    2.399415706333361,
    2.5936698788090755,
    2.446522681336654,
    2.644227994115729,
    2.635725837004812,
    2.669534633034154,
    2.62262897742422
  ],
  "train_acc": [
    29.166666666666668,
    49.739583333333336,
    60.572916666666664,
    67.96875,
    74.11458333333333,
    78.07291666666667,
    80.26041666666667,
    81.77083333333333,
    84.47916666666667,
    84.47916666666667,
    85.57291666666667,
    87.29166666666667,
    87.65625
  ],
  "val_acc": [
    24.666666666666668,
    21.5,
    19.833333333333332,
    20.0,
    22.333333333333332,
    19.5,
    18.166666666666668,
    15.833333333333334,
    18.833333333333332,
    16.833333333333332,
    18.166666666666668,
    17.5,
    17.666666666666668
  ],
  "val_f1": [
    0.21468208824412188,
    0.20151791687164378,
    0.19815364777248154,
    0.19138582013892166,
    0.21580563636710096,
    0.17635650744357767,
    0.17983681032621338,
    0.13695747476888184,
    0.1816463741884227,
    0.16117408004501693,
    0.17870956143725775,
    0.1751060894649533,
    0.18375072115839605
  ],
  "learning_rate": [
    0.001,
    0.001,
    0.001,
    0.001,
    0.001,
    0.001,
    0.001,
    0.001,
    0.001,
    0.001,
    0.0005,
    0.0005,
    0.0005
  ],
  "timestamp": "20250806_201350",
  "session_dir": "results/history_results\\training_session_20250806_201350"
}