{
  "best_val_acc": 53.8420204191295,
  "best_val_f1": 0.48177507777042533,
  "test_acc": 50.08397715821297,
  "test_f1": 0.47455095526301205,
  "final_epoch": 9,
  "total_epochs": 9,
  "timestamp": "20250806_001740",
  "session_dir": "results/history_results\\training_session_20250806_001740"
}