{
  "train_loss": [
    1.107126469506655,
    0.8027013579418448,
    0.6683046354365413,
    0.5537447896224245,
    0.4855460430078468,
    0.4390270106822762,
    0.39489215862095833,
    0.325309681219246,
    0.300203867844648
  ],
  "val_loss": [
    1.51339043969782,
    1.8455455287908897,
    2.0723669121408057,
    2.435066492129595,
    2.6813630915095663,
    2.847607608534332,
    3.270499509623927,
    3.4766093176654262,
    3.62595110367506
  ],
  "train_acc": [
    63.83639875703368,
    73.83051986226589,
    78.877970941463,
    82.18694885361552,
    84.31174939111447,
    86.26018308557991,
    87.52834467120181,
    89.7371294196691,
    90.55177626606198
  ],
  "val_acc": [
    53.8420204191295,
    53.97635679742074,
    49.78506179473401,
    51.719505642127885,
    47.68941429339065,
    48.30736163353036,
    48.76410531972058,
    50.08060182697474,
    48.03868887694788
  ],
  "val_f1": [
    0.48177507777042533,
    0.4611832665761728,
    0.46703490075287923,
    0.47095868915047673,
    0.4636430347878344,
    0.46071975960036354,
    0.45697528851926916,
    0.4633510748252497,
    0.45859732252995816
  ],
  "learning_rate": [
    0.001,
    0.001,
    0.001,
    0.001,
    0.001,
    0.001,
    0.0005,
    0.0005,
    0.0005
  ],
  "timestamp": "20250806_001740",
  "session_dir": "results/history_results\\training_session_20250806_001740"
}