{
  "train_losses": [
    1.0542705765867655,
    0.5722486511268446,
    0.4335317775211503,
    0.4186236413970458,
    0.3756492824944775,
    0.3553306609392166,
    0.3333954738568416,
    0.32974925426255286,
    0.3258842041270923,
    0.32367891475426414
  ],
  "val_losses": [
    2.1181828317971063,
    2.192309564557569,
    2.336334257290281,
    2.2438343681138138,
    2.207557830317267,
    2.200149947199328,
    2.2690461092981797,
    2.220504542876934,
    2.2412201166152954,
    2.2394985124982636
  ],
  "train_accs": [
    68.88888888888889,
    86.16666666666667,
    90.22222222222223,
    90.5,
    90.94444444444444,
    92.58333333333333,
    93.36111111111111,
    93.22222222222223,
    92.94444444444444,
    93.30555555555556
  ],
  "val_accs": [
    18.11111111111111,
    19.88888888888889,
    18.0,
    20.0,
    19.444444444444443,
    19.77777777777778,
    18.0,
    17.11111111111111,
    18.22222222222222,
    19.11111111111111
  ],
  "val_f1s": [
    0.11928367868678706,
    0.12840260800732178,
    0.09768371357454919,
    0.14247426750918143,
    0.12479137644168033,
    0.14322660250441774,
    0.11164001553434318,
    0.1079167056403973,
    0.11215945143464814,
    0.1258623321123321
  ]
}