{
  "train_losses": [
    1.2357123262059373,
    0.48974973464434124,
    0.3659577609690945,
    0.3155451116968045,
    0.2815050665388065,
    0.26663381045898504,
    0.24947936391144726,
    0.23271820041458163,
    0.2219358379334475,
    0.22113857761157296,
    0.1575895035886659,
    0.12291845537524308,
    0.11506541917281868,
    0.11527182442028966,
    0.10661119283630258
  ],
  "val_losses": [
    0.6042419970035553,
    0.4043876662336547,
    0.3478351851989483,
    0.32217955229611234,
    0.28429721758283416,
    0.27912924001956807,
    0.32025848483217173,
    0.29404129858674677,
    0.2617937999552694,
    0.30537570010999154,
    0.24360057904288687,
    0.23283510256944032,
    0.22602960146192846,
    0.21987525797609625,
    0.20766795054078102
  ],
  "train_accs": [
    59.638888888888886,
    85.72222222222223,
    90.27777777777777,
    91.77777777777777,
    92.58333333333333,
    92.69444444444444,
    93.52777777777777,
    93.77777777777777,
    94.19444444444444,
    94.25,
    96.36111111111111,
    97.13888888888889,
    97.16666666666667,
    97.66666666666667,
    97.75
  ],
  "val_accs": [
    82.11111111111111,
    92.44444444444444,
    91.22222222222223,
    90.22222222222223,
    93.66666666666667,
    94.0,
    91.77777777777777,
    92.77777777777777,
    93.33333333333333,
    92.44444444444444,
    94.22222222222223,
    93.77777777777777,
    94.0,
    94.11111111111111,
    94.55555555555556
  ],
  "val_f1s": [
    0.8234740733121311,
    0.9250768667731047,
    0.9122599668207289,
    0.9011336955835355,
    0.9365701548126679,
    0.9401867094017153,
    0.9176426780731731,
    0.9278894798752032,
    0.9333759928229672,
    0.9247523897536342,
    0.9423611098397523,
    0.9379385260542513,
    0.9401435996192116,
    0.9412466492742031,
    0.9456725301950796
  ]
}