{
  "train_losses": [
    1.2838490969311875,
    0.5082844648740988,
    0.39683504824617266,
    0.3133725535157508,
    0.2761264064275058,
    0.24194422931270262,
    0.2547640184649324,
    0.2282257789861312,
    0.21968384640934194,
    0.21742539664944716,
    0.22122039922834497,
    0.20556723544027952,
    0.15757420481042525
  ],
  "val_losses": [
    0.5584362406155159,
    0.43023797766915683,
    0.35355456224803267,
    0.3262027702454863,
    0.3069405088136936,
    0.313297917873695,
    0.3001629707628283,
    0.2724634247093365,
    0.2902685593942116,
    0.24820447224995185,
    0.2359557601398435,
    0.28177840648026303,
    0.23501661252872696
  ],
  "train_accs": [
    57.02777777777778,
    85.27777777777777,
    89.55555555555556,
    91.77777777777777,
    92.77777777777777,
    93.52777777777777,
    93.63888888888889,
    94.19444444444444,
    94.30555555555556,
    94.16666666666667,
    94.41666666666667,
    94.72222222222223,
    96.55555555555556
  ],
  "val_accs": [
    85.55555555555556,
    89.66666666666667,
    91.66666666666667,
    90.88888888888889,
    92.0,
    92.33333333333333,
    93.33333333333333,
    94.88888888888889,
    93.55555555555556,
    93.66666666666667,
    93.22222222222223,
    92.55555555555556,
    94.11111111111111
  ],
  "val_f1s": [
    0.8539468216841385,
    0.8956810633629415,
    0.9168788703133351,
    0.9096312828901061,
    0.9197250980183591,
    0.9229473275281747,
    0.9334845412631823,
    0.9489714944996365,
    0.9356479001208631,
    0.9365981089834645,
    0.9321988375748569,
    0.926001420463661,
    0.941193761610231
  ]
}