{
  "train_losses": [
    1.2211872682107234,
    0.515972806157264,
    0.38424581724458035,
    0.3371817195310002,
    0.30098063604230374,
    0.2634731972903277,
    0.2788635008366762,
    0.25748978258497945,
    0.2306379179709253,
    0.2202683653583569,
    0.16290633571622645,
    0.14111408587973728,
    0.12399017748183909,
    0.12070739453872747,
    0.11733128104062207
  ],
  "val_losses": [
    0.565759415256566,
    0.4090016992955372,
    0.34018815077584363,
    0.2629343042599744,
    0.311468540337579,
    0.27213928257596903,
    0.33144632649832756,
    0.28429504509629877,
    0.2754621644472254,
    0.2839907294717328,
    0.2427038660851018,
    0.23091050108958935,
    0.2223711516065844,
    0.22966837587541547,
    0.22937021109050718
  ],
  "train_accs": [
    59.388888888888886,
    85.13888888888889,
    89.44444444444444,
    90.38888888888889,
    92.30555555555556,
    93.38888888888889,
    92.83333333333333,
    93.80555555555556,
    94.16666666666667,
    94.0,
    96.88888888888889,
    97.16666666666667,
    97.63888888888889,
    97.52777777777777,
    97.80555555555556
  ],
  "val_accs": [
    85.55555555555556,
    87.33333333333333,
    89.22222222222223,
    92.33333333333333,
    92.22222222222223,
    93.66666666666667,
    91.66666666666667,
    93.11111111111111,
    93.0,
    92.77777777777777,
    94.22222222222223,
    94.66666666666667,
    95.88888888888889,
    94.66666666666667,
    95.0
  ],
  "val_f1s": [
    0.8554981763470455,
    0.8716461185950548,
    0.893045969109581,
    0.9231186710167473,
    0.9223957733293303,
    0.9366708370436414,
    0.9156466399537574,
    0.930781964801971,
    0.9301299278378131,
    0.927889536935589,
    0.9423633771800942,
    0.9468035562769589,
    0.9589976652272828,
    0.9467076426413257,
    0.9500936327955198
  ]
}