{
  "train_losses": [
    1.2454555904970759,
    0.4773596730907406,
    0.3803239572892147,
    0.32530155547161016,
    0.31472799973150273,
    0.2918247486242151,
    0.26383594957600653,
    0.26181126722192344,
    0.1826697386867177,
    0.148447428590956,
    0.13999733114532664,
    0.13443707572543515,
    0.1238768238870971,
    0.12365714704568408,
    0.11804942605374134
  ],
  "val_losses": [
    0.541768544706805,
    0.4492273726339998,
    0.34731789601260216,
    0.29820327512149153,
    0.28158812276248274,
    0.3017540779607049,
    0.29470274725864676,
    0.2994201987467963,
    0.22563883752144617,
    0.21297167691177335,
    0.21098789919553132,
    0.21034127512368664,
    0.20761253890292397,
    0.1997089154761413,
    0.19876268737275024
  ],
  "train_accs": [
    59.19444444444444,
    87.30555555555556,
    90.08333333333333,
    91.97222222222223,
    92.02777777777777,
    93.05555555555556,
    93.5,
    93.88888888888889,
    95.80555555555556,
    97.08333333333333,
    97.33333333333333,
    97.27777777777777,
    97.72222222222223,
    97.63888888888889,
    97.80555555555556
  ],
  "val_accs": [
    85.33333333333333,
    89.11111111111111,
    91.22222222222223,
    93.22222222222223,
    93.11111111111111,
    92.22222222222223,
    92.22222222222223,
    92.22222222222223,
    94.22222222222223,
    94.33333333333333,
    94.44444444444444,
    94.44444444444444,
    94.33333333333333,
    95.55555555555556,
    94.66666666666667
  ],
  "val_f1s": [
    0.8554213874727327,
    0.8902606540725934,
    0.9114109312283931,
    0.9323282251512361,
    0.931114765427028,
    0.9227494626061746,
    0.9225902988036363,
    0.9224689291583867,
    0.9424665271702765,
    0.9435735240155662,
    0.9446589968325284,
    0.9446077639145475,
    0.9434953192414769,
    0.9556462995656452,
    0.9468728339418094
  ]
}