{
  "train_losses": [
    0.6045020406124413,
    0.42530798150967525,
    0.39358316754461614,
    0.3751883075762821,
    0.37040552200489146,
    0.3260830710892395
  ],
  "val_losses": [
    0.9930196918071584,
    1.0031682202156553,
    1.0477061037053452,
    1.022559791169268,
    1.0290499247135,
    1.036606379645936
  ],
  "train_accs": [
    84.364492266308,
    88.6684599865501,
    89.05514458641561,
    89.71082716879623,
    89.92938802958977,
    90.80363147276395
  ],
  "val_accs": [
    77.80766644250168,
    76.59717552118359,
    75.72293207800942,
    76.05917955615332,
    76.66442501681237,
    76.79892400806995
  ],
  "val_f1s": [
    0.6947898122334906,
    0.6673813312736789,
    0.664540557385626,
    0.6647188801546173,
    0.6700686758446973,
    0.6696201042357975
  ]
}