{
  "total_samples": 18606,
  "label_distribution": {
    "stack_exception": {
      "count": 10491,
      "percentage": 56.38503708481135
    },
    "database_exception": {
      "count": 931,
      "percentage": 5.003762227238525
    },
    "connection_issue": {
      "count": 504,
      "percentage": 2.708803611738149
    },
    "auth_authorization": {
      "count": 2542,
      "percentage": 13.662259486187251
    },
    "config_environment": {
      "count": 2449,
      "percentage": 13.162420724497473
    },
    "business_logic": {
      "count": 362,
      "percentage": 1.945608943351607
    },
    "normal_operation": {
      "count": 515,
      "percentage": 2.767924325486402
    },
    "monitoring_heartbeat": {
      "count": 469,
      "percentage": 2.5206922498118884
    },
    "memory_performance": {
      "count": 267,
      "percentage": 1.4350209609803288
    },
    "spring_boot_startup_failure": {
      "count": 76,
      "percentage": 0.40847038589702245
    }
  },
  "imbalance_ratio": 138.03947368421052,
  "num_classes": 10,
  "timestamp": "20250806_001740",
  "session_dir": "results/history_results\\training_session_20250806_001740"
}