{
  "train_loss": [
    0.6068666286938654,
    0.41268719523751696,
    0.3370156118572496,
    0.27933559665016877,
    0.23121157367928907,
    0.20585296889615287,
    0.18016133297485662,
    0.1396994747631805,
    0.11913194399090367
  ],
  "val_loss": [
    1.039154202687113,
    1.3401144066923543,
    1.5402476834623438,
    1.907300071183004,
    2.1043967362297207,
    2.496401380708343,
    2.596917582185645,
    2.8849483452345197,
    3.0525055581017546
  ],
  "train_acc": [
    80.86292320396366,
    87.50516102394715,
    89.6005367464905,
    91.6288191577209,
    92.96552436003303,
    94.10094962840627,
    94.61705202312139,
    95.80408753096614,
    96.36147811725846
  ],
  "val_acc": [
    73.82328654004955,
    72.38645747316268,
    71.03220478943022,
    71.82493806771264,
    71.34599504541701,
    72.15524360033031,
    70.60280759702725,
    70.68538398018167,
    70.70189925681255
  ],
  "val_f1": [
    0.6952342907496827,
    0.6802247849124928,
    0.6859082842434209,
    0.6858949698033919,
    0.6846688682075717,
    0.679708331167782,
    0.6873385843479847,
    0.6852259228958942,
    0.6848806428498909
  ],
  "learning_rate": [
    0.001,
    0.001,
    0.001,
    0.001,
    0.001,
    0.001,
    0.0005,
    0.0005,
    0.0005
  ],
  "timestamp": "20250806_224624",
  "session_dir": "results/history_results\\training_session_20250806_224624"
}